<?xml version="1.0" encoding="UTF-8"?>
<project-private xmlns="http://www.netbeans.org/ns/project-private/1">
    <editor-bookmarks xmlns="http://www.netbeans.org/ns/editor-bookmarks/2" lastBookmarkId="0"/>
    <open-files xmlns="http://www.netbeans.org/ns/projectui-open-files/2">
        <group>
            <file>file:/C:/Courses/COIT20257-T1-2019/Week3/RMISampleClient/src/RMICommon/RMIMessage.java</file>
            <file>file:/C:/Courses/COIT20257-T1-2019/Week3/RMISampleClient/src/RMICommon/Adder.java</file>
            <file>file:/C:/Courses/COIT20257-T1-2019/Week3/RMISampleClient/src/rmisampleclient/RMIClient.java</file>
        </group>
    </open-files>
</project-private>
